{
  "commands": {
    "build": {
      "aliases": [],
      "args": {
        "path": {
          "description": "./my-project-|-Directory to build",
          "hidden": false,
          "name": "path",
          "required": false
        }
      },
      "description": "Build a Modus project",
      "examples": [
        "modus build ./my-project"
      ],
      "flags": {},
      "hasDynamicHelp": false,
      "hiddenAliases": [],
      "id": "build",
      "pluginAlias": "@hypermode/modus-cli",
      "pluginName": "@hypermode/modus-cli",
      "pluginType": "core",
      "strict": true,
      "enableJsonFlag": false,
      "isESM": true,
      "relativePath": [
        "dist",
        "commands",
        "build",
        "index.js"
      ]
    },
    "deploy": {
      "aliases": [],
      "args": {
        "path": {
          "name": "path"
        }
      },
      "description": "Deploy a Modus app to Hypermode",
      "examples": [],
      "flags": {},
      "hasDynamicHelp": false,
      "hiddenAliases": [],
      "id": "deploy",
      "pluginAlias": "@hypermode/modus-cli",
      "pluginName": "@hypermode/modus-cli",
      "pluginType": "core",
      "strict": true,
      "enableJsonFlag": false,
      "isESM": true,
      "relativePath": [
        "dist",
        "commands",
        "deploy",
        "index.js"
      ]
    },
    "upgrade": {
      "aliases": [],
      "args": {},
      "description": "Upgrade a Modus component",
      "examples": [],
      "flags": {},
      "hasDynamicHelp": false,
      "hiddenAliases": [],
      "id": "upgrade",
      "pluginAlias": "@hypermode/modus-cli",
      "pluginName": "@hypermode/modus-cli",
      "pluginType": "core",
      "strict": true,
      "enableJsonFlag": false,
      "isESM": true,
      "relativePath": [
        "dist",
        "commands",
        "upgrade",
        "index.js"
      ]
    },
    "new": {
      "aliases": [],
      "args": {},
      "description": "Create a new Modus project",
      "examples": [
        "modus new",
        "modus new --name Project01",
        "modus new --name Project01 --sdk go --dir ./my-project --force"
      ],
      "flags": {
        "name": {
          "description": "Project name",
          "name": "name",
          "hasDynamicHelp": false,
          "multiple": false,
          "type": "option"
        },
        "dir": {
          "aliases": [
            "d"
          ],
          "description": "Directory to install to",
          "name": "dir",
          "hasDynamicHelp": false,
          "multiple": false,
          "type": "option"
        },
        "sdk": {
          "description": "SDK to use",
          "name": "sdk",
          "hasDynamicHelp": false,
          "multiple": false,
          "type": "option"
        },
        "force": {
          "aliases": [
            "f"
          ],
          "description": "Initialize without prompt",
          "name": "force",
          "allowNo": false,
          "type": "boolean"
        }
      },
      "hasDynamicHelp": false,
      "hiddenAliases": [],
      "id": "new",
      "pluginAlias": "@hypermode/modus-cli",
      "pluginName": "@hypermode/modus-cli",
      "pluginType": "core",
      "strict": true,
      "enableJsonFlag": false,
      "isESM": true,
      "relativePath": [
        "dist",
        "commands",
        "new",
        "index.js"
      ]
    },
    "dev": {
      "aliases": [],
      "args": {
        "path": {
          "default": "./",
          "description": "./my-project-|-Path to project directory",
          "hidden": false,
          "name": "path",
          "required": false
        }
      },
      "description": "Launch a Modus app to local development",
      "examples": [
        "<%= config.bin %> <%= command.id %> run ./project-path --watch"
      ],
      "flags": {
        "watch": {
          "char": "w",
          "description": "Watch project and rebuild continually",
          "hidden": false,
          "name": "watch",
          "required": false,
          "allowNo": false,
          "type": "boolean"
        },
        "build": {
          "char": "b",
          "description": "Build the latest before running",
          "hidden": false,
          "name": "build",
          "required": false,
          "allowNo": false,
          "type": "boolean"
        },
        "silent": {
          "char": "s",
          "description": "Suppress output logs from cluttering terminal",
          "hidden": false,
          "name": "silent",
          "required": false,
          "allowNo": false,
          "type": "boolean"
        },
        "verbose": {
          "char": "v",
          "description": "Enable descriptive logging",
          "hidden": false,
          "name": "verbose",
          "required": false,
          "allowNo": false,
          "type": "boolean"
        },
        "freq": {
          "char": "f",
          "description": "Frequency to check for changes",
          "hidden": false,
          "name": "freq",
          "required": false,
          "default": 3000,
          "hasDynamicHelp": false,
          "multiple": false,
          "type": "option"
        },
        "runtime": {
          "char": "r",
          "description": "Runtime to use",
          "hidden": false,
          "name": "runtime",
          "required": false,
          "hasDynamicHelp": false,
          "multiple": false,
          "type": "option"
        },
        "legacy": {
          "description": "Run if you want a pre-modus release",
          "name": "legacy",
          "allowNo": false,
          "type": "boolean"
        }
      },
      "hasDynamicHelp": false,
      "hiddenAliases": [],
      "id": "dev",
      "pluginAlias": "@hypermode/modus-cli",
      "pluginName": "@hypermode/modus-cli",
      "pluginType": "core",
      "strict": true,
      "enableJsonFlag": false,
      "isESM": true,
      "relativePath": [
        "dist",
        "commands",
        "dev",
        "index.js"
      ]
    },
    "sdk:install": {
      "aliases": [],
      "args": {
        "version": {
          "description": "v0.0.0-|-SDK version to install",
          "hidden": false,
          "name": "version",
          "required": false
        }
      },
      "description": "Install a specific SDK version",
      "examples": [
        "modus sdk install v0.0.0",
        "modus sdk install latest"
      ],
      "flags": {
        "silent": {
          "char": "s",
          "description": "Suppress output logs",
          "hidden": false,
          "name": "silent",
          "required": false,
          "allowNo": false,
          "type": "boolean"
        },
        "repo": {
          "char": "r",
          "description": "Change the GitHub owner and repo eg. hypermodeinc/modus",
          "hidden": true,
          "name": "repo",
          "required": false,
          "default": "hypermodeinc/modus",
          "hasDynamicHelp": false,
          "multiple": false,
          "type": "option"
        },
        "branch": {
          "char": "b",
          "description": "Install runtime from branch on GitHub",
          "hidden": true,
          "name": "branch",
          "required": false,
          "hasDynamicHelp": false,
          "multiple": false,
          "type": "option"
        },
        "commit": {
          "char": "c",
          "description": "Install runtime from specific commit on GitHub",
          "hidden": true,
          "name": "commit",
          "required": false,
          "default": "latest",
          "hasDynamicHelp": false,
          "multiple": false,
          "type": "option"
        },
        "link": {
          "char": "l",
          "description": "Link an in-development runtime to CLI",
          "hidden": true,
          "name": "link",
          "required": false,
          "hasDynamicHelp": false,
          "multiple": false,
          "type": "option"
        }
      },
      "hasDynamicHelp": false,
      "hiddenAliases": [],
      "id": "sdk:install",
      "pluginAlias": "@hypermode/modus-cli",
      "pluginName": "@hypermode/modus-cli",
      "pluginType": "core",
      "strict": true,
      "enableJsonFlag": false,
      "isESM": true,
      "relativePath": [
        "dist",
        "commands",
        "sdk",
        "install",
        "index.js"
      ]
    },
    "sdk:list": {
      "aliases": [],
      "args": {},
      "description": "List installed SDK versions",
      "examples": [
        "modus sdk list"
      ],
      "flags": {},
      "hasDynamicHelp": false,
      "hiddenAliases": [],
      "id": "sdk:list",
      "pluginAlias": "@hypermode/modus-cli",
      "pluginName": "@hypermode/modus-cli",
      "pluginType": "core",
      "strict": true,
      "enableJsonFlag": false,
      "isESM": true,
      "relativePath": [
        "dist",
        "commands",
        "sdk",
        "list",
        "index.js"
      ]
    },
    "sdk:remove": {
      "aliases": [],
      "args": {
        "version": {
          "description": "v0.0.0-|-SDK version to remove",
          "hidden": false,
          "name": "version",
          "required": false
        }
      },
      "description": "Remove a specific SDK version",
      "examples": [
        "modus sdk remove v0.0.0",
        "modus sdk remove all"
      ],
      "flags": {},
      "hasDynamicHelp": false,
      "hiddenAliases": [],
      "id": "sdk:remove",
      "pluginAlias": "@hypermode/modus-cli",
      "pluginName": "@hypermode/modus-cli",
      "pluginType": "core",
      "strict": true,
      "enableJsonFlag": false,
      "isESM": true,
      "relativePath": [
        "dist",
        "commands",
        "sdk",
        "remove",
        "index.js"
      ]
    }
  },
  "version": "0.0.0"
}